case_id,unit_id,order_id,product_slot,assigned_name,assigned_email,status,assigned_at,submitted_at,validated_at,notes
RTN-001,UNIT-001,ORD-001,PRODUCT 01,,,UNASSIGNED,,,,"Order ID is synthetic collection metadata, not a real Amazon order."
RTN-002,UNIT-002,ORD-002,PRODUCT 02,,,UNASSIGNED,,,,"Order ID is synthetic collection metadata, not a real Amazon order."
RTN-003,UNIT-003,ORD-003,PRODUCT 03,,,UNASSIGNED,,,,"Order ID is synthetic collection metadata, not a real Amazon order."
RTN-004,UNIT-004,ORD-004,PRODUCT 04,,,UNASSIGNED,,,,"Order ID is synthetic collection metadata, not a real Amazon order."
RTN-005,UNIT-005,ORD-005,PRODUCT 05,,,UNASSIGNED,,,,"Order ID is synthetic collection metadata, not a real Amazon order."
RTN-006,UNIT-006,ORD-006,PRODUCT 06,,,UNASSIGNED,,,,"Order ID is synthetic collection metadata, not a real Amazon order."
RTN-007,UNIT-007,ORD-007,PRODUCT 07,,,UNASSIGNED,,,,"Order ID is synthetic collection metadata, not a real Amazon order."
RTN-008,UNIT-008,ORD-008,PRODUCT 08,,,UNASSIGNED,,,,"Order ID is synthetic collection metadata, not a real Amazon order."
RTN-009,UNIT-009,ORD-009,PRODUCT 09,,,UNASSIGNED,,,,"Order ID is synthetic collection metadata, not a real Amazon order."
RTN-010,UNIT-010,ORD-010,PRODUCT 10,,,UNASSIGNED,,,,"Order ID is synthetic collection metadata, not a real Amazon order."
RTN-011,UNIT-011,ORD-011,PRODUCT 11,,,UNASSIGNED,,,,"Order ID is synthetic collection metadata, not a real Amazon order."
RTN-012,UNIT-012,ORD-012,PRODUCT 12,,,UNASSIGNED,,,,"Order ID is synthetic collection metadata, not a real Amazon order."
RTN-013,UNIT-013,ORD-013,PRODUCT 13,,,UNASSIGNED,,,,"Order ID is synthetic collection metadata, not a real Amazon order."
RTN-014,UNIT-014,ORD-014,PRODUCT 14,,,UNASSIGNED,,,,"Order ID is synthetic collection metadata, not a real Amazon order."
RTN-015,UNIT-015,ORD-015,PRODUCT 15,,,UNASSIGNED,,,,"Order ID is synthetic collection metadata, not a real Amazon order."
RTN-016,UNIT-016,ORD-016,PRODUCT 16,,,UNASSIGNED,,,,"Order ID is synthetic collection metadata, not a real Amazon order."
RTN-017,UNIT-017,ORD-017,PRODUCT 17,,,UNASSIGNED,,,,"Order ID is synthetic collection metadata, not a real Amazon order."
RTN-018,UNIT-018,ORD-018,PRODUCT 18,,,UNASSIGNED,,,,"Order ID is synthetic collection metadata, not a real Amazon order."
RTN-019,UNIT-019,ORD-019,PRODUCT 19,,,UNASSIGNED,,,,"Order ID is synthetic collection metadata, not a real Amazon order."
RTN-020,UNIT-020,ORD-020,PRODUCT 20,,,UNASSIGNED,,,,"Order ID is synthetic collection metadata, not a real Amazon order."
RTN-021,UNIT-021,ORD-021,PRODUCT 21,,,UNASSIGNED,,,,"Order ID is synthetic collection metadata, not a real Amazon order."
RTN-022,UNIT-022,ORD-022,PRODUCT 22,,,UNASSIGNED,,,,"Order ID is synthetic collection metadata, not a real Amazon order."
RTN-023,UNIT-023,ORD-023,PRODUCT 23,,,UNASSIGNED,,,,"Order ID is synthetic collection metadata, not a real Amazon order."
RTN-024,UNIT-024,ORD-024,PRODUCT 24,,,UNASSIGNED,,,,"Order ID is synthetic collection metadata, not a real Amazon order."
RTN-025,UNIT-025,ORD-025,PRODUCT 25,,,UNASSIGNED,,,,"Order ID is synthetic collection metadata, not a real Amazon order."
RTN-026,UNIT-026,ORD-026,PRODUCT 26,,,UNASSIGNED,,,,"Order ID is synthetic collection metadata, not a real Amazon order."
RTN-027,UNIT-027,ORD-027,PRODUCT 27,,,UNASSIGNED,,,,"Order ID is synthetic collection metadata, not a real Amazon order."
RTN-028,UNIT-028,ORD-028,PRODUCT 28,,,UNASSIGNED,,,,"Order ID is synthetic collection metadata, not a real Amazon order."
RTN-029,UNIT-029,ORD-029,PRODUCT 29,,,UNASSIGNED,,,,"Order ID is synthetic collection metadata, not a real Amazon order."
RTN-030,UNIT-030,ORD-030,PRODUCT 30,,,UNASSIGNED,,,,"Order ID is synthetic collection metadata, not a real Amazon order."
RTN-031,UNIT-031,ORD-031,PRODUCT 31,,,UNASSIGNED,,,,"Order ID is synthetic collection metadata, not a real Amazon order."
RTN-032,UNIT-032,ORD-032,PRODUCT 32,,,UNASSIGNED,,,,"Order ID is synthetic collection metadata, not a real Amazon order."
RTN-033,UNIT-033,ORD-033,PRODUCT 33,,,UNASSIGNED,,,,"Order ID is synthetic collection metadata, not a real Amazon order."
RTN-034,UNIT-034,ORD-034,PRODUCT 34,,,UNASSIGNED,,,,"Order ID is synthetic collection metadata, not a real Amazon order."
RTN-035,UNIT-035,ORD-035,PRODUCT 35,,,UNASSIGNED,,,,"Order ID is synthetic collection metadata, not a real Amazon order."
RTN-036,UNIT-036,ORD-036,PRODUCT 36,,,UNASSIGNED,,,,"Order ID is synthetic collection metadata, not a real Amazon order."
RTN-037,UNIT-037,ORD-037,PRODUCT 37,,,UNASSIGNED,,,,"Order ID is synthetic collection metadata, not a real Amazon order."
RTN-038,UNIT-038,ORD-038,PRODUCT 38,,,UNASSIGNED,,,,"Order ID is synthetic collection metadata, not a real Amazon order."
RTN-039,UNIT-039,ORD-039,PRODUCT 39,,,UNASSIGNED,,,,"Order ID is synthetic collection metadata, not a real Amazon order."
RTN-040,UNIT-040,ORD-040,PRODUCT 40,,,UNASSIGNED,,,,"Order ID is synthetic collection metadata, not a real Amazon order."
RTN-041,UNIT-041,ORD-041,PRODUCT 41,,,UNASSIGNED,,,,"Order ID is synthetic collection metadata, not a real Amazon order."
RTN-042,UNIT-042,ORD-042,PRODUCT 42,,,UNASSIGNED,,,,"Order ID is synthetic collection metadata, not a real Amazon order."
RTN-043,UNIT-043,ORD-043,PRODUCT 43,,,UNASSIGNED,,,,"Order ID is synthetic collection metadata, not a real Amazon order."
RTN-044,UNIT-044,ORD-044,PRODUCT 44,,,UNASSIGNED,,,,"Order ID is synthetic collection metadata, not a real Amazon order."
RTN-045,UNIT-045,ORD-045,PRODUCT 45,,,UNASSIGNED,,,,"Order ID is synthetic collection metadata, not a real Amazon order."
RTN-046,UNIT-046,ORD-046,PRODUCT 46,,,UNASSIGNED,,,,"Order ID is synthetic collection metadata, not a real Amazon order."
RTN-047,UNIT-047,ORD-047,PRODUCT 47,,,UNASSIGNED,,,,"Order ID is synthetic collection metadata, not a real Amazon order."
RTN-048,UNIT-048,ORD-048,PRODUCT 48,,,UNASSIGNED,,,,"Order ID is synthetic collection metadata, not a real Amazon order."
RTN-049,UNIT-049,ORD-049,PRODUCT 49,,,UNASSIGNED,,,,"Order ID is synthetic collection metadata, not a real Amazon order."
RTN-050,UNIT-050,ORD-050,PRODUCT 50,,,UNASSIGNED,,,,"Order ID is synthetic collection metadata, not a real Amazon order."
